
INSERT INTO Physician VALUES(1,'Anubhav','Staff Intern',111111111);
INSERT INTO Physician VALUES(2,'Swanand','Senior Physician',444444444);
INSERT INTO Physician VALUES(3,'Chinmay','Assistant Physician',787192087);
INSERT INTO Physician VALUES(4,'Daman','Assistant Physician',555555555);
INSERT INTO Physician VALUES(5,'Faizan','Assistant Physician',666666666);
INSERT INTO Physician VALUES(6,'Anand','Senior Physician',101010101);

INSERT INTO Procedure VALUES(1,'bypass surgery',7000);
INSERT INTO Procedure VALUES(2,'open heart surgery',10000);
INSERT INTO Procedure VALUES(3,'stone removal',8000);
INSERT INTO Procedure VALUES(4,'amputation',3000);

INSERT INTO Block VALUES(1,1);
INSERT INTO Block VALUES(1,2);
INSERT INTO Block VALUES(2,1);
INSERT INTO Block VALUES(2,2);
INSERT INTO Block VALUES(3,1);
INSERT INTO Block VALUES(1,3);
INSERT INTO Block VALUES(3,2);
INSERT INTO Block VALUES(2,3);
INSERT INTO Block VALUES(4,4);
INSERT INTO Block VALUES(5,4);

INSERT INTO Medication VALUES(1,'remdesivir','Deserem','for covid treatment');
INSERT INTO Medication VALUES(2,'paracetamol','Dosolom','for curing common cold');
INSERT INTO Medication VALUES(3,'cetrizine','Cephla','for curing allergies');

INSERT INTO Nurse VALUES(1,'Reema','Senior nurse','t',222333444);
INSERT INTO Nurse VALUES(2,'Shreya','Trainee nurse','f',242323434);
INSERT INTO Nurse VALUES(3,'Madhvi','Assistant nurse','t',111212111);
INSERT INTO Nurse VALUES(4,'Rani','Head nurse','t',545454545);

INSERT INTO Department VALUES(1,'cardiology',3);
INSERT INTO Department VALUES(2,'neurology',4);
INSERT INTO Department VALUES(3,'endocrinology',5);

INSERT INTO Patient VALUES(777888999,'Anuj','Ranchi','9179333444',78,1);
INSERT INTO Patient VALUES(888112244,'Aritra','Delhi','9279445533',89,2);
INSERT INTO Patient VALUES(333111000,'Dinesh','Roorkee','8789444333',98,1);
INSERT INTO Patient VALUES(222221111,'Dinesh','Jamshedpur','7777555522',112,2);

INSERT INTO Room VALUES(123,'cabin',1,2,'f');
INSERT INTO Room VALUES(124,'ccu',1,2,'t');
INSERT INTO Room VALUES(231,'ccu',2,3,'f');
INSERT INTO Room VALUES(324,'icu',3,2,'t');
INSERT INTO Room VALUES(443,'icu',4,4,'f');
INSERT INTO Room VALUES(543,'icu',5,4,'f');

INSERT INTO Appointment VALUES(1,777888999,3,1,'2023-01-10 08:00','2023-01-10 09:00','Cabin');
INSERT INTO Appointment VALUES(2,333111000,null,2,'2023-01-11 09:00','2023-01-11 10:00','Cabin');
INSERT INTO Appointment VALUES(3,333111000,2,4,'2023-01-15 08:00','2023-01-15 09:00','Cabin');
INSERT INTO Appointment VALUES(4,888112244,null,6,'2023-01-20 10:00','2023-01-20 11:00','Cabin');
INSERT INTO Appointment VALUES(5,888112244,4,3,'2023-01-21 11:00','2023-01-21 12:00','Cabin');

INSERT INTO On_Call VALUES(1,1,2,'2023-01-26 05:00','2023-01-26 07:00');
INSERT INTO On_Call VALUES(2,2,1,'2023-01-27 08:00','2023-01-27 11:00');
INSERT INTO On_Call VALUES(3,1,2,'2023-01-27 12:00','2023-01-27 13:00');
INSERT INTO On_Call VALUES(4,1,2,'2023-01-28 14:00','2023-01-28 16:00');

INSERT INTO Trained_in VALUES(1,1,'2023-01-01','2023-12-31');
INSERT INTO Trained_in VALUES(2,1,'2023-01-01','2023-12-31');
INSERT INTO Trained_in VALUES(3,3,'2023-01-01','2023-12-31');
INSERT INTO Trained_in VALUES(4,2,'2023-01-01','2023-12-31');
INSERT INTO Trained_in VALUES(5,2,'2022-01-01','2022-12-31');
INSERT INTO Trained_in VALUES(6,1,'2022-01-01','2022-12-31');
INSERT INTO Trained_in VALUES(5,4,'2023-01-01','2023-12-31');

INSERT INTO Affiliated_With VALUES(3,1,'t');
INSERT INTO Affiliated_With VALUES(4,2,'t');
INSERT INTO Affiliated_With VALUES(5,3,'t');
INSERT INTO Affiliated_With VALUES(2,1,'t');
INSERT INTO Affiliated_With VALUES(1,1,'t');
INSERT INTO Affiliated_With VALUES(6,1,'t');
INSERT INTO Affiliated_With VALUES(6,2,'f');

INSERT INTO Stay VALUES(1,888112244,231,'2023-01-10','2023-01-15');
INSERT INTO Stay VALUES(2,888112244,324,'2023-01-01','2023-01-17');
INSERT INTO Stay VALUES(3,777888999,443,'2023-01-02','2023-01-10');
INSERT INTO Stay VALUES(4,777888999,443,'2023-01-11','2023-01-28');
INSERT INTO Stay VALUES(5,222221111,543,'2023-01-06','2023-01-20');
INSERT INTO Stay VALUES(6,333111000,123,'2023-01-08','2023-01-23');

INSERT INTO Prescribes VALUES(1,777888999,1,'2023-01-10',1,'5');
INSERT INTO Prescribes VALUES(2,333111000,2,'2023-01-11',2,'3');
INSERT INTO Prescribes VALUES(1,333111000,1,'2023-01-15',3,'3');
INSERT INTO Prescribes VALUES(2,888112244,2,'2023-01-20',4,'5');
INSERT INTO Prescribes VALUES(3,888112244,2,'2023-01-21',5,'2');
INSERT INTO Prescribes VALUES(3,888112244,1,'2023-01-31',null,'2');

INSERT INTO Undergoes VALUES(888112244,1,1,'2023-01-12',1,1);
INSERT INTO Undergoes VALUES(222221111,4,5,'2023-01-17',4,3);
INSERT INTO Undergoes VALUES(333111000,3,6,'2023-01-10',5,null);
INSERT INTO Undergoes VALUES(777888999,1,4,'2023-01-14',6,1);
INSERT INTO Undergoes VALUES(777888999,2,3,'2023-01-07',5,2);